{"cameraMode":{"drawMode":0,"name":"Shaded","section":"Shading Mode"},"sceneLighting":false,"audioPlay":false,"sceneViewState":{"m_AlwaysRefresh":false,"showFog":true,"showSkybox":false,"showFlares":true,"showImageEffects":true,"showParticleSystems":true,"showVisualEffectGraphs":true,"m_FxEnabled":true},"in2DMode":false,"pivot":{"x":-2.9193742275238039,"y":1.4790470600128174,"z":-5.912191390991211},"rotation":{"x":0.10965819656848908,"y":0.22459430992603303,"z":-0.02544579841196537,"w":0.967939555644989},"size":0.000017320508050033823,"orthographic":false}