{"cameraMode":{"drawMode":0,"name":"Shaded","section":"Shading Mode"},"sceneLighting":false,"audioPlay":false,"sceneViewState":{"m_AlwaysRefresh":false,"showFog":true,"showSkybox":false,"showFlares":true,"showImageEffects":true,"showParticleSystems":true,"showVisualEffectGraphs":true,"m_FxEnabled":true},"in2DMode":false,"pivot":{"x":0.43792465329170229,"y":0.4041227102279663,"z":0.6715949773788452},"rotation":{"x":0.13713499903678895,"y":0.3526233732700348,"z":-0.0523262694478035,"w":0.9241936206817627},"size":2.5824878215789797,"orthographic":false}