{"cameraMode":{"drawMode":0,"name":"Shaded","section":"Shading Mode"},"sceneLighting":false,"audioPlay":false,"sceneViewState":{"m_AlwaysRefresh":false,"showFog":true,"showSkybox":false,"showFlares":true,"showImageEffects":true,"showParticleSystems":true,"showVisualEffectGraphs":true,"m_FxEnabled":true},"in2DMode":false,"pivot":{"x":0.5558527708053589,"y":0.46777620911598208,"z":1.2564927339553834},"rotation":{"x":0.14373503625392915,"y":0.2003946304321289,"z":-0.029737092554569246,"w":0.968668520450592},"size":2.4595119953155519,"orthographic":false}