{"cameraMode":{"drawMode":0,"name":"Shaded","section":"Shading Mode"},"sceneLighting":true,"audioPlay":false,"sceneViewState":{"m_AlwaysRefresh":false,"showFog":true,"showSkybox":true,"showFlares":true,"showImageEffects":true,"showParticleSystems":true,"showVisualEffectGraphs":true,"m_FxEnabled":true},"in2DMode":false,"pivot":{"x":80.58280944824219,"y":24.704551696777345,"z":58.830440521240237},"rotation":{"x":0.05973920598626137,"y":0.7074957489967346,"z":-0.06018818914890289,"w":0.7016475200653076},"size":2.6711490154266359,"orthographic":false}