{"cameraMode":{"drawMode":0,"name":"Shaded","section":"Shading Mode"},"sceneLighting":true,"audioPlay":false,"sceneViewState":{"m_AlwaysRefresh":false,"showFog":true,"showSkybox":true,"showFlares":true,"showImageEffects":true,"showParticleSystems":true,"showVisualEffectGraphs":true,"m_FxEnabled":true},"in2DMode":false,"pivot":{"x":83.76305389404297,"y":24.276153564453126,"z":54.946956634521487},"rotation":{"x":0.1230127364397049,"y":0.5126096606254578,"z":-0.07449404895305634,"w":0.8465052247047424},"size":0.3281629681587219,"orthographic":false}