{"cameraMode":{"drawMode":0,"name":"Shaded","section":"Shading Mode"},"sceneLighting":false,"audioPlay":false,"sceneViewState":{"m_AlwaysRefresh":false,"showFog":true,"showSkybox":false,"showFlares":true,"showImageEffects":true,"showParticleSystems":true,"showVisualEffectGraphs":true,"m_FxEnabled":true},"in2DMode":false,"pivot":{"x":-4.8307271003723148,"y":3.283733606338501,"z":-5.422184944152832},"rotation":{"x":0.14422671496868134,"y":0.34944993257522585,"z":-0.05453711003065109,"w":0.924191415309906},"size":0.000017328351532341912,"orthographic":false}