{"cameraMode":{"drawMode":0,"name":"Shaded","section":"Shading Mode"},"sceneLighting":false,"audioPlay":false,"sceneViewState":{"m_AlwaysRefresh":false,"showFog":true,"showSkybox":false,"showFlares":true,"showImageEffects":true,"showParticleSystems":true,"showVisualEffectGraphs":true,"m_FxEnabled":true},"in2DMode":false,"pivot":{"x":0.6544684171676636,"y":2.1415507793426515,"z":2.046781539916992},"rotation":{"x":-0.024833345785737039,"y":0.16715854406356812,"z":0.004211548250168562,"w":0.9856178760528565},"size":2.430454730987549,"orthographic":false}