{"cameraMode":{"drawMode":0,"name":"Shaded","section":"Shading Mode"},"sceneLighting":true,"audioPlay":false,"sceneViewState":{"m_AlwaysRefresh":false,"showFog":true,"showSkybox":true,"showFlares":true,"showImageEffects":true,"showParticleSystems":true,"showVisualEffectGraphs":true,"m_FxEnabled":true},"in2DMode":false,"pivot":{"x":81.12898254394531,"y":25.389507293701173,"z":58.48439025878906},"rotation":{"x":0.08682498335838318,"y":0.20402966439723969,"z":-0.01811559684574604,"w":0.9749632477760315},"size":3.1934256553649904,"orthographic":false}