{"cameraMode":{"drawMode":0,"name":"Shaded","section":"Shading Mode"},"sceneLighting":false,"audioPlay":false,"sceneViewState":{"m_AlwaysRefresh":false,"showFog":true,"showSkybox":false,"showFlares":true,"showImageEffects":true,"showParticleSystems":true,"showVisualEffectGraphs":true,"m_FxEnabled":true},"in2DMode":false,"pivot":{"x":-4.917787075042725,"y":2.5010287761688234,"z":-5.804324626922607},"rotation":{"x":0.1532195508480072,"y":0.3378458321094513,"z":-0.05584544688463211,"w":0.9269768595695496},"size":0.000017320508050033823,"orthographic":false}