{"cameraMode":{"drawMode":0,"name":"Shaded","section":"Shading Mode"},"sceneLighting":false,"audioPlay":false,"sceneViewState":{"m_AlwaysRefresh":false,"showFog":true,"showSkybox":false,"showFlares":true,"showImageEffects":true,"showParticleSystems":true,"showVisualEffectGraphs":true,"m_FxEnabled":true},"in2DMode":false,"pivot":{"x":-2.914890766143799,"y":2.1580936908721926,"z":-6.277947425842285},"rotation":{"x":0.03115462139248848,"y":0.20101821422576905,"z":-0.00639709597453475,"w":0.9790816903114319},"size":0.000017320508050033823,"orthographic":false}