{"cameraMode":{"drawMode":0,"name":"Shaded","section":"Shading Mode"},"sceneLighting":false,"audioPlay":false,"sceneViewState":{"m_AlwaysRefresh":false,"showFog":true,"showSkybox":false,"showFlares":true,"showImageEffects":true,"showParticleSystems":true,"showVisualEffectGraphs":true,"m_FxEnabled":true},"in2DMode":false,"pivot":{"x":-1.7251337766647339,"y":4.729883193969727,"z":-6.4682135581970219},"rotation":{"x":0.2281690388917923,"y":0.17987649142742158,"z":-0.04293785244226456,"w":0.9559082388877869},"size":0.000017328351532341912,"orthographic":false}