{"cameraMode":{"drawMode":0,"name":"Shaded","section":"Shading Mode"},"sceneLighting":false,"audioPlay":false,"sceneViewState":{"m_AlwaysRefresh":false,"showFog":true,"showSkybox":false,"showFlares":true,"showImageEffects":true,"showParticleSystems":true,"showVisualEffectGraphs":true,"m_FxEnabled":true},"in2DMode":false,"pivot":{"x":-4.093252658843994,"y":5.78240442276001,"z":-7.261664390563965},"rotation":{"x":0.12573647499084474,"y":0.30003315210342409,"z":-0.039932459592819217,"w":0.944773256778717},"size":0.000017320508050033823,"orthographic":false}