{"cameraMode":{"drawMode":0,"name":"Shaded","section":"Shading Mode"},"sceneLighting":false,"audioPlay":false,"sceneViewState":{"m_AlwaysRefresh":false,"showFog":true,"showSkybox":false,"showFlares":true,"showImageEffects":true,"showParticleSystems":true,"showVisualEffectGraphs":true,"m_FxEnabled":true},"in2DMode":false,"pivot":{"x":-3.132157802581787,"y":2.610339403152466,"z":-6.214748382568359},"rotation":{"x":0.186808779835701,"y":0.20749682188034059,"z":-0.04040499031543732,"w":0.9593935012817383},"size":0.000017320508050033823,"orthographic":false}